player_name,team_id,player_position
S. Amrabat,1,MID
A. Onana,1,GK
Reguilón,1,DEF
R. Varane,1,DEF
V. Lindelöf,1,DEF
M. Greenwood,1,ATT
A. Martial,1,ATT
T. Heaton,1,GK
W. Fish,1,DEF
H. Mejbri,1,MID
O. Forson,1,ATT
Ethan Ennis,1,ATT
A. Garnacho,1,ATT
R. Bennett,1,DEF
S. Murray,1,DEF
M. Oyedele,1,MID
Samuel Mather,1,FWD
Sonny Aljofree,1,DEF
Ethan Williams,1,ATT
A. Heaven,1,DEF
L. Karius,2,GK
R. Fraser,2,MID
M. Dúbravka,2,GK
P. Dummett,2,DEF
I. Hayden,2,MID
M. Ritchie,2,MID
K. Watts,2,DEF
E. Anderson,2,MID
J. Turner-Cooke,2,MID
Jamie Miley,2,MID
Ciaran Thompson,2,DEF
Cathal Heffernan,2,DEF
Ellis Stanton,2,MID
J. Emerson,2,ATT
Dylan Charlton,2,DEF
Aidan Harris,2,GK
A. Munda,2,MID
Alfie Harrison,2,MID
Y. Minteh,2,ATT
A. Harrison,2,GK
Joelinton,2,MID
Alisson Becker,3,GK
J. Gomez,3,DEF
A. Robertson,3,DEF
V. van Dijk,3,DEF
K. Tsimikas,3,DEF
F. Woodman,3,GK
G. Mamardashvili,3,GK
C. Ramsay,3,DEF
J. Frimpong,3,DEF
Thomas Daniel Hill,3,MID
J. Quansah,3,DEF
R. Williams,3,DEF
C. Bradley,3,DEF
M. Kerkez,3,DEF
James Balagizi,3,MID
Mateusz Konrad Musiałowski,3,MID
L. Chambers,3,DEF
Fabian Mrozek,3,GK
C. Scanlon,3,DEF
Á. Pécsi,3,GK
Mohamed Salah,3,ATT
D. Szoboszlai,3,MID
K. Walker-Peters,4,DEF
M. Cornet,4,ATT
D. Ćaleta-Car,4,DEF
C. Taylor,4,DEF
S. Armstrong,4,MID
J. Rothwell,4,MID
A. Ramsdale,4,GK
Lyanco,4,DEF
W. Smallbone,4,MID
T. Harwood-Bellis,4,DEF
C. Alcaraz,4,MID
A. Grønbæk,4,MID
L. Ugochukwu,4,MID
D. Ballard,4,ATT
T. Dibling,4,MID
Mateus Fernandes,4,MID
J. Meghoma,4,DEF
N. Lawrence,4,DEF
R. Takaoka,4,ATT
Cédric Soares,5,DEF
E. Smith Rowe,5,MID
Mohamed Elneny,5,MID
E. Nketiah,5,ATT
Kepa,5,GK
David Raya,5,GK
J. Timber,5,DEF
Nuno Tavares,5,DEF
O. Rekik,5,DEF
K. Hein,5,GK
M. Biereth,5,ATT
James Lannin-Sweet,5,DEF
Mauro Bandeira,5,MID
C. Sagoe,5,ATT
A. Cozier-Duberry,5,MID
R. Walters,5,DEF
Marquinhos,5,ATT
T. Setford,5,GK
L. Martin,5,GK
T. Partey,5,MID
B. Saka,5,ATT
A. Danjuma,6,ATT
D. Alli,6,MID
J. Pickford,6,GK
M. Keane,6,DEF
J. Tarkowski,6,DEF
J. Branthwaite,6,DEF
S. Coleman,6,DEF
André Gomes,6,MID
M. Travers,6,GK
B. Godfrey,6,DEF
B. Crellin,6,GK
A. Lonergan,6,GK
T. King,6,GK
N. Patterson,6,DEF
H. Tyrer,6,GK
L. Dobbin,6,ATT
A. Onana,6,MID
J. O'Brien,6,DEF
Jenson Metcalfe,6,MID
Mackenzie Hunt,6,DEF
Y. Akgün,7,FWD
O. Édouard,7,ATT
K. Ịheanachọ,7,ATT
D. Praet,7,MID
M. Hermansen,7,GK
B. De Cordova-Reid,7,ATT
J. Justin,7,DEF
L. Brunt,7,DEF
K. Dewsbury-Hall,7,MID
Tawanda Jethro Maswanhise,7,ATT
A. Raikhy,7,MID
C. Doyle,7,DEF
Silko Amari Otieno Thomas,7,ATT
Henry Cartwright,7,MID
C. Popov,7,ATT
T. Wilson-Brown,7,DEF
F. Buonanotte,7,MID
M. Golding,7,MID
L. Briggs,7,MID
S. Bausor,7,GK
J. Vardy,7,ATT
B. Davies,8,DEF
T. Ndombélé,8,MID
R. Sessegnon,8,MID
D. Spence,8,DEF
J. Rodon,8,DEF
K. Danso,8,DEF
C. Romero,8,DEF
G. Vicario,8,GK
Pedro Porro,8,DEF
J. Tanganga,8,DEF
T. Parrott,8,ATT
M. van de Ven,8,DEF
B. Austin,8,GK
M. Robson,8,MID
N. John,8,MID
R. Drăgușin,8,DEF
A. Kinský,8,GK
G. Abbott,8,DEF
Luca Gunter,8,GK
Leo Black,8,ATT
Son Heung-Min,8,ATT
A. Areola,9,GK
W. Foderingham,9,GK
Emerson,9,DEF
Ł. Fabiański,9,GK
M. Kudus,9,MID
A. Ogbonna,9,DEF
B. Johnson,9,DEF
K. Phillips,9,MID
N. Aguerd,9,DEF
E. Ferguson,9,ATT
J. Anang,9,GK
K. Hegyi,9,GK
D. Mubama,9,ATT
Junior Robinson,9,DEF
J. Knightbridge,9,GK
G. Kodua,9,ATT
Patrick Kelly,9,MID
F. Herrick,9,GK
M. Kanté,9,MID
J. Bowen,9,ATT
Thiago Silva,10,DEF
B. Chilwell,10,DEF
M. Sarr,10,DEF
G. Słonina,10,GK
Đ. Petrović,10,GK
N. Madueke,10,ATT
J. Brooking,10,DEF
C. Wiley,10,DEF
Dylan Williams,10,DEF
Jimi Weikko Tauriainen,10,MID
O. Hutchinson,10,ATT
L. Hall,10,DEF
Zak Norton Sturge,10,DEF
Leo Castledine,10,MID
Andrey Santos,10,MID
Billy Gee,10,DEF
O. Harrison,10,MID
D. Richards,10,ATT
B. Knight,11,MID
F. Burns,11,DEF
L. Delap,11,ATT
Yan Couto,11,DEF
L. Mbete,11,DEF
A. Robertson,11,MID
Jadel Katongo,11,DEF
Joel Tshisanga Ndala,11,ATT
Tomas Galvez,11,DEF
L. Samuel,11,DEF
J. Oboavwoduo,11,ATT
A. Ahmed Fatah,11,ATT
Jaden Heskey,11,ATT
True Grant,11,GK
S. Mfuni,11,DEF
Farid Alfa-Ruprecht,11,ATT
M. Hudson,11,GK
Reigan Heskey,11,ATT
M. Kovačić,11,MID
E. Haaland,11,ATT
João Pedro,12,ATT
J. Steele,12,GK
K. Scherpen,12,GK
K. Kozłowski,12,MID
B. Verbruggen,12,GK
Ansu Fati,12,ATT
T. Lamptey,12,DEF
T. McGill,12,GK
Leigh Robert Kavanagh,12,DEF
J. Sarmiento,12,MID
Samy Olivier Chouchane,12,MID
Benjamin Harvey Jackson,12,DEF
I. Osman,12,ATT
J. Hinchy,12,MID
S. Adingra,12,ATT
Luca Barrington,12,ATT
N. Atom,12,DEF
Benicio Baker-Boaitey,12,MID
A. Mazilu,12,ATT
D. Muñoz,13,DEF
J. Riedewald,13,MID
D. Henderson,13,GK
E. Eze,13,MID
M. Olise,13,MID
R. Matthews,13,GK
M. Lacroix,13,DEF
W. Benítez,13,GK
M. Guéhi,13,DEF
C. Richards,13,DEF
N. Ferguson,13,DEF
L. Moulden,13,GK
T. Mitchell,13,DEF
C. Riad,13,DEF
T. Adaramola,13,DEF
O. Goodman,13,GK
M. Boateng,13,MID
Ademola Oladipupo Ola-Adebomi,13,ATT
M. Jemide,13,DEF
M. Luongo,14,MID
A. Tuanzebe,14,DEF
C. Ogbene,14,ATT
I. El Mizouni,14,MID
C. Ndaba,14,DEF
K. Jackson,14,ATT
F. Ladapo,14,ATT
C. Burgess,14,DEF
D. Ball,14,MID
V. Hladký,14,GK
J. Enciso,14,MID
G. Yahyai,14,ATT
S. Boniface,14,DEF
C. Stewart,14,DEF
Woody Scott Williamson Andrews,14,GK
C. Lenglet,15,DEF
N. Zaniolo,15,MID
J. Ramsey,15,MID
E. Martínez,15,GK
M. Bizot,15,GK
Douglas Luiz,15,MID
J. Philogene,15,ATT
F. Marschall,15,GK
L. Barry,15,ATT
S. Revan,15,MID
J. Wright,15,GK
L. Sousa,15,DEF
T. Iroegbunam,15,MID
Finley Munroe,15,DEF
K. Kesler-Hayden,15,DEF
O. Kellyman,15,MID
Triston Rowe,15,DEF
S. Proctor,15,GK
L. Emery,15,GK
J. Durán,15,ATT
J. Aholou,50,MID
F. El Melali,50,ATT
C. Hountondji,50,DEF
I. Niane,50,ATT
J. Lopy,50,MID
L. Diony,50,ATT
H. Šabanović,50,DEF
E. Lepaul,50,ATT
Z. Ould Khaled,50,DEF
B. Dieng,50,ATT
E. Caumont,50,MID
N. Nadje,50,ATT
E. Pasture,50,GK
W. Boussaid,50,ATT
D. N'Diaye,50,MID
L. Machine,50,ATT
J. Kalumba,50,ATT
S. Cherif,50,FWD
A. Moussaoui,50,ATT
P. Peter,50,ATT
A. Ounas,16,MID
Ismaily,16,DEF
A. Gomes,16,MID
J. David,16,ATT
Ivan Cavaleiro,16,FWD
V. Vanbaleghem,16,MID
A. Jakubech,16,GK
E. Zhegrova,16,ATT
Y. Yazıcı,16,MID
L. Chevalier,16,GK
T. Negrel,16,GK
J. Bazié,16,ATT
A. Faiz,16,MID
A. Malouda,16,ATT
I. Ferrah,16,MID
Y. Lachaab,16,ATT
T. Dago,16,ATT
L. Baret,16,MID
M. Ezzarhouni,16,GK
M. Costarelli,16,DEF
M. Bayo,16,FWD
Anthony Lopes,51,GK
T. Almada,51,MID
R. Descamps,51,GK
F. Da Silva,51,MID
W. Omari,51,DEF
S. Diomandé,51,DEF
G. Mikautadze,51,ATT
J. Lepenant,51,MID
I. Lomami,51,DEF
J. Bengui João,51,GK
M. Sarr,51,DEF
C. El Djebali,51,MID
E. Nuamah,51,ATT
M. Fofana,51,ATT
G. Orban,51,ATT
Mahamadou Diawara,51,MID
Alejandro Gomes Rodriguez,51,ATT
E. Molébé,51,ATT
M. Da Silva,51,GK
J. Correa,52,ATT
J. Amavi,52,DEF
I. Ndiaye,52,ATT
P. Gueye,52,MID
V. Rongier,52,MID
J. Clauss,52,DEF
J. Onana,52,MID
A. Gouiri,52,ATT
S. Ben Seghir,52,MID
Q. Merlin,52,DEF
Vítinha,52,ATT
B. Negouai,52,DEF
A. Caprice,52,DEF
L. Jousselin,52,DEF
A. Kabamba,52,MID
R. Daou,52,MID
A. Laaziri,52,DEF
S. Ahamada,52,MID
M. Andrianaivo,52,DEF
E. Mailly,52,DEF
E. Wahi,52,FWD
Y. Karamoh,53,FWD
Mousa Tamari,53,ATT
L. Leroy,53,MID
D. Bertaud,53,GK
A. Delort,53,ATT
I. Sylla,53,DEF
S. Hefti,53,DEF
G. Barès,53,MID
A. Adams,53,ATT
B. Dizdarević,53,GK
J. Chotard,53,MID
M. Estève,53,DEF
B. Meité,53,DEF
T. Allix,53,DEF
S. Džodić,53,MID
S. Cara,53,ATT
R. Nzingoula,53,MID
W. Ndollo Bille,53,DEF
G. Ngosso,53,ATT
C. Mamilo,53,DEF
T. Savanier,53,MID
M. Sissoko,54,MID
T. Kadewere,54,ATT
J. Castelletto,54,DEF
N. Pallois,54,DEF
S. Moutoussamy,54,MID
D. Petrić,54,GK
M. Coco,54,ATT
L. Diack,54,MID
H. Barbet,54,GK
Y. M'Bemba,54,DEF
J. Affamah,54,ATT
B. Traoré,54,ATT
M. Bodiang,54,DEF
M. Oger,54,MID
H. Boutsingkham,54,DEF
S. Appuah,54,ATT
P. Nsingi,54,ATT
M. Acapandié,54,DEF
E. Mongo,54,DEF
Bahereba Guirassy,54,ATT
S. Diop,55,MID
K. Thuram,55,MID
J. Lotomba,55,DEF
R. Perraud,55,DEF
G. Laborde,55,ATT
V. Rosier,55,DEF
T. Moffi,55,ATT
T. Boulhendi,55,GK
M. Cho,55,ATT
A. Amraoui,55,DEF
D. Traoré,55,MID
S. Wattel,55,MID
K. Boudache,55,ATT
E. Pereira,55,MID
M. Youssouf,55,DEF
I. Salhi,55,DEF
Yaël Nandjou,55,DEF
Fares Bousnina,55,ATT
Bernard Nguene,55,ATT
C. Dagba,17,DEF
L. Kurzawa,17,DEF
Kylian Mbappé,17,ATT
K. Navas,17,GK
A. Letellier,17,GK
Gonçalo Ramos,17,ATT
B. Barcola,17,ATT
X. Simons,17,MID
Arnau Tenas,17,GK
L. Lavallée,17,GK
A. Kari,17,MID
D. Doué,17,ATT
I. Housni,17,ATT
Yoram\t Zague,17,DEF
E. Mbappé,17,MID
Kouakou Joane Gadou,17,DEF
Serif Nhaga,17,DEF
I. Mbaye,17,ATT
Quentin Ndjantou Mbitcha,17,ATT
W. Slama,17,MID
Lee Kang-In,17,MID
A. Golovin,18,MID
B. Embolo,18,ATT
W. Ben Yedder,18,ATT
M. Camara,18,MID
Y. Fofana,18,MID
R. Majecki,18,GK
M. Akliouche,18,MID
F. Lemaréchal,18,MID
M. Bamba,18,MID
N. Babaï,18,DEF
L. Michal,18,ATT
R. Valme,18,DEF
Antonin Cartillier,18,DEF
Malamine Efekele,18,ATT
G. Ilenikhena,18,ATT
B. Kiwa,18,DEF
J. Tincres,18,ATT
J. Bery,18,DEF
S. Nibombé,18,MID
A. Bamba,18,MID
L. Camara,18,MID
M. Daramy,56,ATT
Y. Abdelhamid,56,DEF
T. De Smet,56,DEF
Y. Diouf,56,GK
L. Butelle,56,GK
T. Foket,56,DEF
M. Touré,56,ATT
C. Keita,56,DEF
K. Doumbia,56,MID
I. Diakité,56,DEF
S. Koeberlé,56,MID
O. Diakité,56,ATT
K. Prouchet,56,DEF
A. Bojang,56,ATT
M. Diakhon,56,ATT
N. Sangui,56,DEF
C. Mbondi,56,ATT
Ikechukwu Orazi,56,ATT
M. Jeng,56,DEF
Gabriel Moscardo,56,MID
B. Bourigeaud,57,MID
A. Gomis,57,GK
L. Blas,57,MID
G. Lembet,57,GK
B. Yıldırım,57,FWD
M. Abline,57,ATT
G. Doué,57,DEF
F. Rieder,57,MID
Y. Batola,57,GK
A. Do Marcolino,57,ATT
W. Samaké,57,ATT
J. Belocian,57,DEF
I. Salah,57,ATT
M. Jaouab,57,DEF
J. Coulibaly,57,MID
M. Meïté,57,ATT
H. Do Marcolino,57,ATT
H. Meister,57,FWD
K. Gameiro,58,ATT
L. Mothiba,58,ATT
T. Delaine,58,DEF
J. Deminguet,58,MID
I. Sissoko,58,MID
A. Ousmane,58,DEF
A. Pierre,58,GK
D. Jean,58,ATT
J. Robinand,58,MID
J. Mwanga,58,MID
Ângelo,58,ATT
A. Ahmed,58,MID
T. Saettel,58,ATT
M. Luković,58,ATT
Z. Diallo,58,ATT
A. Ali,58,ATT
H. Rauch,58,GK
G. Kodia,58,ATT
Amadou Cissé,58,DEF
G. Suazo,59,DEF
Y. Begraoui,59,ATT
Logan Costa,59,DEF
S. Spierings,59,MID
D. Genreau,59,MID
A. Dønnum,59,MID
V. Birmančević,59,MID
M. Diarra,59,DEF
J. Flemmings,59,ATT
Y. Gboho,59,ATT
César Gelabert,59,MID
F. Magri,59,ATT
T. Himeur,59,GK
S. Hamulić,59,ATT
I. Cissoko,59,ATT
B. Traoré,59,ATT
J. Lacombe,59,GK
C. Mawissa Elebi,59,DEF
N. Edjouma,59,ATT
Y. Azizi,59,ATT
S. Babicka,59,ATT
S. Mounié,19,FWD
B. Brahimi,19,ATT
Y. Marillat,19,GK
J. Martin,19,MID
M. Camara,19,MID
A. Dari,19,DEF
Mama Baldé,19,ATT
A. Lebeau,19,MID
L. Brassier,19,DEF
M. Satriano,19,ATT
D. Konte,19,ATT
L. Botz,19,ATT
J. Bourgault,19,DEF
T. Le Verge,19,DEF
P. Irie,19,DEF
N. Geraux,19,MID
I. Kanté,19,ATT
Serigne Diop,19,ATT
G. Hein,60,MID
S. Laiton,60,GK
E. Owusu,60,MID
E. Maddy,60,ATT
T. Bair,60,ATT
R. Adiceam,60,GK
L. Sinayoko,60,ATT
I. Soumaré,60,ATT
Ousmane Camara,60,ATT
N. Mercier,60,MID
L. Coulibaly,60,MID
Y. Cisse,60,MID
A. N’Gatta,60,DEF
Madiou Keita,60,DEF
B. Viadère,60,ATT
R. Mandengue,60,ATT
T. Diawara,60,ATT
M. Muzungu,60,DEF
R. Matondo,60,MID
M. Vecino,40,MID
E. Hysaj,40,DEF
T. Bašić,40,MID
A. Romagnoli,40,DEF
S. Gigot,40,DEF
Patric,40,DEF
A. Marušić,40,DEF
C. Immobile,40,FWD
C. Mandas,40,GK
M. Lazzari,40,MID
M. Zaccagni,40,MID
I. Provedel,40,GK
J. Akpa Akpro,40,MID
D. Kamenović,40,DEF
A. Furlanetto,40,GK
Mario Gila,40,DEF
M. Cancellieri,40,ATT
M. Bertini,40,MID
O. Provstgaard,40,DEF
G. Isaksen,40,ATT
F. Ballo-Touré,20,DEF
D. Origi,20,ATT
Y. Adli,20,MID
M. Maignan,20,GK
P. Terracciano,20,GK
S. Pavlović,20,DEF
M. Gabbia,20,DEF
D. Vásquez,20,GK
D. Maldini,20,ATT
C. De Ketelaere,20,ATT
M. Lazetić,20,ATT
K. De Winter,20,DEF
P. Kalulu,20,DEF
A. Jashari,20,MID
A. Coubiș,20,DEF
D. Bartesaghi,20,DEF
L. Torriani,20,GK
Z. Athekame,20,DEF
A. Longoni,20,GK
G. Zappa,41,DEF
G. Pereiro,41,MID
S. Luperto,41,DEF
G. Gaetano,41,MID
M. Rog,41,MID
M. Adopo,41,MID
A. Deiola,41,MID
B. Radunović,41,GK
A. Di Pardo,41,DEF
C. Travaglini,41,DEF
G. Ciocci,41,GK
Zito Luvumbo,41,ATT
S. Boccia,41,DEF
I. Delpupo,41,MID
M. Prati,41,MID
A. Obert,41,DEF
D. Veroli,41,DEF
V. Iliev,41,GK
I. Sulemana,41,MID
Nicola Pintus,41,DEF
A. Meret,42,GK
L. Spinazzola,42,DEF
Amir Rrahmani,42,DEF
G. Di Lorenzo,42,DEF
A. Buongiorno,42,DEF
P. Mazzocchi,42,DEF
N. Contini,42,GK
M. Olivera,42,DEF
S. Lobotka,42,MID
M. Folorunsho,42,MID
A. Cioffi,42,ATT
L. Sgarbi,42,ATT
A. Zanoli,42,DEF
G. D'Agostino,42,ATT
N. Obaretin,42,DEF
G. Ambrosino,42,ATT
C. Saco,42,MID
Luca Marianucci,42,DEF
G. Simeone,42,ATT
L. Gianetti,43,DEF
O. Solet,43,DEF
R. Pereyra,43,MID
S. Lovrić,43,MID
E. Ebosse,43,DEF
Walace,43,MID
J. Karlström,43,MID
Rui Modesto,43,MID
S. Diawara,43,ATT
Oier Zarraga,43,MID
R. Sava,43,GK
L. Lucca,43,ATT
Leonardo Buta,43,DEF
T. Kristensen,43,DEF
Matheus Martins,43,ATT
S. Goglichidze,43,DEF
A. Tikvić,43,DEF
D. Pizarro,43,ATT
A. Atta,43,MID
D. Pejičić,43,MID
M. Palma,43,DEF
P. Gozzi,44,DEF
M. Coda,44,ATT
A. Favilli,44,ATT
F. Valietti,44,DEF
A. Pinamonti,44,ATT
S. Sabelli,44,DEF
D. Sommariva,44,GK
A. Vogliacco,44,DEF
N. Leali,44,GK
M. Aramu,44,MID
L. Czyborra,44,DEF
B. Siegrist,44,GK
Josep Martínez,44,GK
M. Portanova,44,MID
F. Miretti,44,MID
A. Marcandalli,44,DEF
G. Calvani,44,DEF
S. Otoa,44,DEF
Junior Messias,44,ATT
W. McKennie,21,MID
M. Perin,21,GK
M. Kean,21,ATT
H. Nicolussi,21,MID
R. Kolo Muani,21,ATT
N. González,21,ATT
S. Gori,21,GK
G. Frabotta,21,DEF
A. Sersanti,21,MID
T. Koopmeiners,21,MID
M. Olivieri,21,ATT
T. Barbieri,21,DEF
M. Aké,21,MID
N. Sekulov,21,ATT
M. Compagnon,21,MID
T. Muharemović,21,DEF
Facundo González,21,DEF
L. Comenencia,21,DEF
M. Soulé,21,ATT
L. Hasa,21,MID
D. Vlahović,21,ATT
V. Kovalenko,22,MID
S. Posch,22,DEF
D. Zappacosta,22,MID
D. Zapata,22,ATT
M. Carnesecchi,22,GK
P. Gollini,22,GK
F. Rossi,22,GK
B. Djimsiti,22,DEF
C. Okoli,22,DEF
N. Cambiaghi,22,ATT
R. Piccoli,22,ATT
O. Kossounou,22,DEF
I. Hien,22,DEF
M. Ruggeri,22,DEF
G. Cittadini,22,DEF
E. Touré,22,FWD
E. Kraja,22,MID
A. Oliveri,22,MID
R. Obrić,22,DEF
M. Retegui,22,ATT
M. Brescianini,22,MID
G. Cangiano,23,ATT
J. Lucumí,23,DEF
R. Freuler,23,MID
Ł. Skorupski,23,GK
M. Arnautović,23,ATT
L. De Silvestri,23,DEF
C. Lykogiannis,23,DEF
F. Ravaglia,23,GK
N. Casale,23,DEF
T. Pobega,23,MID
S. Beukema,23,DEF
E. Holm,23,DEF
J. Karlsson,23,ATT
N. Pyyhtiä,23,MID
L. Binks,23,DEF
R. Calafiori,23,DEF
S. Iling-Junior,23,ATT
M. Ilić,23,DEF
M. Pessina,23,GK
D. Cataldi,45,MID
C. Biraghi,45,DEF
A. Duncan,45,MID
R. Mandragora,45,MID
R. Sottil,45,ATT
L. Ranieri,45,DEF
L. Munteanu,45,ATT
F. Parisi,45,DEF
C. Dalle Mura,45,DEF
E. Bove,45,MID
N. Valentini,45,DEF
J. Fazzini,45,MID
F. Distefano,45,ATT
T. Martinelli,45,GK
P. Comuzzo,45,DEF
N. Fortini,45,DEF
E. Kouadio,45,DEF
S. de Vrij,24,DEF
S. Esposito,24,ATT
D. Dumfries,24,DEF
P. Zieliński,24,MID
F. Acerbi,24,DEF
Z. Vanheusden,24,DEF
I. Radu,24,GK
A. Bastoni,24,DEF
F. Dimarco,24,DEF
R. Di Gennaro,24,GK
G. Oristanio,24,MID
Jacopo Gianelli,24,MID
F. Stanković,24,GK
N. Zalewski,24,MID
T. Palacios,24,DEF
M. Zanotti,24,DEF
A. Silvestro,24,DEF
P. Sučić,24,MID
F. Stante,24,DEF
D. Zárate,24,MID
H. Çalhanoğlu,24,MID
P. Pellegri,46,ATT
A. Ismajli,46,DEF
G. Pezzella,46,DEF
C. Kouamé,46,ATT
M. Silvestri,46,GK
A. Grassi,46,MID
S. Walukiewicz,46,DEF
M. Viti,46,DEF
L. Colombo,46,ATT
S. Sazonov,46,DEF
S. Angori,46,DEF
D. Degli Innocenti,46,MID
A. Renzi,46,MID
A. Hemsley,46,ATT
E. Gyasi,46,DEF
N. Pierini,47,ATT
F. Neri,47,GK
A. Zerbin,47,ATT
L. Fiordilino,47,MID
J. Idzes,47,DEF
Fali Candé,47,DEF
D. Črnigoj,47,MID
M. Ellertsson,47,MID
D. Redan,47,ATT
Afonso Peixoto,47,DEF
F. Carboni,47,DEF
A. Raimondo,47,ATT
J. Enem,47,ATT
M. Ladisa,47,ATT
S. El Haddad,47,MID
S. Ascione,47,ATT
S. Sohm,48,MID
L. Valenti,48,DEF
N. Estévez,48,MID
E. Del Prato,48,DEF
R. Inglese,48,ATT
A. Benedyczak,48,FWD
E. Valeri,48,DEF
E. Corvi,48,GK
Z. Suzuki,48,GK
F. Rinaldi,48,GK
A. Bonny,48,ATT
M. Keita,48,MID
G. Vaglica,48,DEF
N. Buayi-Kiala,48,MID
P. Amoran,48,DEF
A. Circati,48,DEF
E. Plicco,48,MID
N. Trabucchi,48,DEF
João Félix,25,ATT
João Cancelo,25,DEF
Marcos Alonso,25,DEF
Íñigo Martínez,25,DEF
J. Araujo,25,DEF
Pablo Torre,25,MID
Aleix Garrido,25,MID
Ander Astralaga,25,GK
Vitor Roque,25,ATT
Dani Rodríguez,25,ATT
Héctor Fort,25,DEF
Á. Yaakobishvili,25,GK
Marc Guiu,25,ATT
Sergi Domínguez,25,DEF
Pau Prim,25,MID
Alexis Olmedo,25,DEF
Álvaro Cortés Moyano,25,DEF
Andrés Cuenca,25,DEF
Landry Cephas,25,DEF
Quim Junyent,25,MID
R. Lewandowski,25,ATT
Borja Garcés,26,ATT
Víctor Mollejo,26,ATT
Gabriel Paulista,26,DEF
Marcos Paulo,26,ATT
Germán Valera,26,ATT
Marco Moreno,26,DEF
Mini,26,MID
Pablo Pérez,26,DEF
Álex Calatrava,26,ATT
Adrián Corral,26,DEF
Sergio Díez,26,DEF
Javier Boñar,26,DEF
Luis Miguel Morales Carnicero,26,GK
Samu,26,ATT
David Muñoz Torres,26,MID
A. Raihani,26,ATT
Dani Martínez,26,DEF
Daniel Muñoz,26,DEF
Taufik Seidu,26,MID
Dani Rubio,26,GK
Koke,26,MID
Muniain,29,ATT
De Marcos,29,DEF
Unai Núñez,29,DEF
Dani García,29,MID
Raúl García,29,MID
Asier Villalibre,29,ATT
Javi Martón,29,ATT
Juan Artola,29,ATT
Unai Vencedor,29,MID
Imanol García de Albéniz,29,DEF
Álvaro Djaló,29,ATT
Ekain Azkune,29,ATT
Oier Gastesi,29,GK
Beñat Gerenabarrena,29,MID
Iker Varela,29,MID
Endika Bujan,29,ATT
Aimar Duñabeitia,29,DEF
Peio Canales,29,MID
Aingeru Olabarrieta,29,ATT
Javier Zabala,29,MID
Jaume Doménech,30,GK
Cristian Rivero,30,GK
R. Yaremchuk,30,ATT
S. Amallah,30,MID
E. Cömert,30,DEF
Pedro Alemañ,30,MID
Pablo Gozálbez,30,MID
Borja Calvo,30,MID
Marco Camus,30,MID
Javier Navarro Girona,30,MID
Rodrigo Abajas,30,DEF
Joselu,30,ATT
Martín Tejón,30,ATT
Mario Domínguez,30,ATT
Hamza Bellari,30,ATT
Alex Serradell,30,DEF
Vicent Abril,30,GK
Ismael Santana,30,ATT
Iker Córdoba,30,DEF
Borja López,31,DEF
Dani Jiménez,31,GK
N. Djouahra,31,ATT
D. Brašanac,31,MID
Óscar Rodríguez,31,MID
Javier Avilés,31,MID
Miguel de la Fuente,31,ATT
D. Abzi,31,DEF
Diego Conde,31,GK
Sergio González,31,DEF
Isma Armenteros,31,DEF
Diego García,31,ATT
Víctor Rodríguez,31,DEF
Piri,31,ATT
Adrián Rosell,31,ATT
Sydney Osazuwa,31,ATT
Jorge Mota,31,MID
Marco Leiton Arcos,31,DEF
J. Strand Larsen,32,ATT
R. Tapia,32,MID
Kevin Vázquez,32,DEF
Manu Sánchez,32,DEF
Carles Pérez,32,ATT
Alfon González,32,ATT
Iker Losada,32,ATT
Carlos Dotor,32,MID
Miguel Baeza,32,MID
Javi Domínguez,32,DEF
Julen Lobete,32,ATT
Miguel Rodríguez,32,ATT
Joel López,32,DEF
Coke Carrillo,32,GK
César Fernández,32,GK
Fran López,32,ATT
T. Allende,32,ATT
Pablo Durán,32,ATT
Martín Conde,32,DEF
J. El Abdellaoui,32,ATT
Iago Aspas,32,ATT
Fran Beltrán,32,MID
K. Baldé,33,FWD
M. Braithwaite,33,ATT
Brian Oliván,33,DEF
Salvi,33,MID
K. Bare,33,MID
Óscar Gil,33,DEF
Álvaro Aguado,33,MID
Fernando Pacheco,33,GK
Nico Melamed,33,MID
Alejandro Cea,33,MID
Roger Martínez,33,MID
Max Svensson,33,ATT
Joan Puig,33,DEF
Kenneth Soler,33,ATT
Íker Venteo,33,GK
J. Smith,33,MID
Pau Casadesús,33,DEF
Ángel,33,DEF
Sergio Rivares,33,ATT
Nacho,27,DEF
T. Kroos,27,MID
Reinier,27,MID
Joselu,27,ATT
Pablo Ramón,27,DEF
Juanmi Latasa,27,ATT
Luis López,27,GK
T. Zidane,27,MID
Mario de Luis,27,GK
Lucas Cañizares,27,GK
Rafa Marín,27,DEF
Álvaro Carrillo,27,DEF
Peter,27,ATT
Vinícius Tobias,27,DEF
Edgar Pujol,27,DEF
Diego Piñeiro,27,GK
Lorenzo Aguado,27,DEF
Víctor Muñoz,27,ATT
Mario Rivas,27,DEF
Endrick,27,FWD
I. Hagi,34,MID
Gorosabel,34,DEF
Álex Sola,34,MID
Rubén Duarte,34,DEF
A. Mahmoud,34,MID
Alan Godoy,34,ATT
Javi López,34,DEF
Unai Ropero,34,ATT
G. Gagua,34,ATT
Adrián Pica,34,DEF
Selu Diallo,34,MID
José de León,34,ATT
G. Simeone,34,ATT
D. Doumbia,34,MID
Julen Lartitegi,34,ATT
Ander Sánchez,34,MID
Gaizka García,34,GK
Álvaro García,34,DEF
Juan Miranda,35,DEF
Álex Collado,35,MID
C. Bravo,35,GK
N. Fekir,35,ATT
G. Rodríguez,35,MID
Abner,35,DEF
Willian José,35,ATT
Rodri,35,MID
Visus,35,DEF
Lucas Alcázar,35,DEF
Sergio Arribas,35,DEF
Enrique Fernández,35,MID
Guilherme Fernandes,35,GK
Isma Sierra,35,DEF
Félix Garreta,35,DEF
Ginés Sorroche,35,MID
Carlos Guirao,35,MID
Carlos Reina,35,MID
Pablo Busto,35,DEF
Daniel Fuzato,36,GK
Jaime Mata,36,ATT
N. Maksimović,36,MID
A. Lozano,36,ATT
I. Moriba,36,MID
Diego López,36,MID
Santi García,36,MID
S. Abdulai,36,MID
Facu Esnáider,36,MID
José Ángel Carmona,36,DEF
Sergio Gimeno,36,DEF
Keita,36,ATT
Jeremy Jorge,36,MID
Ismael,36,ATT
Yassin Tallal,36,MID
Lee Sang-Min,36,MID
Martin Cuellar,36,ATT
Christantus Uche,36,MID
G. Misehouy,28,MID
Eric García,28,DEF
Borja García,28,MID
Aleix García,28,MID
Toni Fuidias,28,GK
Arnau Ortiz,28,MID
I. Kebe,28,MID
I. Chaira,28,ATT
Sávio,28,ATT
Oscar Ureña,28,ATT
Iker Garcia,28,ATT
Carles Garrido,28,ATT
Alex Almansa,28,ATT
J. Arango,28,ATT
Minsu Kim,28,ATT
Samu Exposito,28,MID
Miguel Ángel Sánchez Mantecón,28,MID
Nil Calderó,28,ATT
Arnau Coromina,28,MID
K. Tierney,37,DEF
André Silva,37,ATT
S. Becker,37,ATT
Robin Le Normand,37,DEF
Roberto López,37,MID
Martín Merquelanz,37,MID
Javi Galán,37,DEF
Robert Navarro,37,MID
B. Fiabema,37,ATT
Gaizka Ayesa,37,GK
Jon Magunazelaia,37,MID
Alberto Dadie,37,ATT
Jon Balda,37,DEF
Mikel Rodríguez,37,MID
Luken Beitia,37,DEF
Ekain Orobengoa,37,ATT
Rupérez,37,DEF
Dani Díaz,37,ATT
Alex Garcia,37,ATT
Martín Zubimendi,37,MID
T. Kubo,37,ATT
A. Tuhami,38,MID
M. Sylla,38,ATT
Lucas Oliveira,38,DEF
Jordi Masip,38,GK
A. Ndiaye,38,ATT
Marcos André,38,ATT
Alberto Quintana,38,MID
Mario Maroto,38,MID
Iván Cédric,38,ATT
Manu Pozo,38,ATT
S. Biuk,38,ATT
Arnau Rafús,38,GK
Chuky San José,38,MID
César Tárrega,38,DEF
Iván Garriel,38,DEF
E. Frimpong,38,MID
Xavier Moreno Hernández,38,ATT
Adrian Arnuncio,38,ATT
I. Alani,38,MID
Raul Moro,38,ATT
Sergio Camello,39,ATT
R. Falcao,39,FWD
Miguel Crespo,39,MID
Aridane,39,DEF
Joni Montiel,39,MID
Andrés Martín,39,ATT
Sergi Guardiola,39,ATT
S. Dimitrievski,39,GK
Miguel Ángel Morro,39,GK
Martín Pascual,39,DEF
Raúl de Tomás,39,ATT
Adri Embarba,39,ATT
Ó. Trejo,39,MID
Kike Pérez,39,MID
Jorge de Frutos,39,ATT
Mario Ramos Fernández,39,GK
E. Eto'o Pineda,39,ATT
Diego Méndez,39,MID
Miguel Benedi,39,GK
Sergio Lozano,39,DEF
M. Pongračić,49,DEF
G. Jean,49,DEF
A. Gallo,49,DEF
M. Bleve,49,GK
W. Falcone,49,GK
Y. Maleh,49,MID
N. Krstović,49,ATT
F. Baschirotto,49,DEF
H. Rafia,49,MID
E. Mömmö,49,MID
J. Samooja,49,GK
Danilo Veiga,49,DEF
Pablo Rodríguez,49,ATT
B. Pierret,49,MID
Kialonda Gaspar,49,DEF
M. Berisha,49,MID
V. Addo,49,DEF
Tiago Gabriel,49,DEF
